{"Title":"シャイニングスター","BPM":158,"timing":[0.0213151928037405,1.5573242902755738,3.1146485805511476,4.6079816818237309,6.122653007507324,7.65866231918335,9.173310279846192,10.666644096374512,12.181315422058106,13.6959867477417,15.253310203552246,16.74664306640625,18.28265380859375,19.797325134277345,21.29065704345703,22.826644897460939,24.3413143157959,25.8773250579834,27.391996383666993,28.906644821166993,30.44265365600586,31.957324981689454,33.47199630737305,34.98664474487305,36.479976654052737,38.037322998046878,39.57331085205078,41.04533004760742,42.58131408691406,44.11732482910156,45.631996154785159,47.146644592285159,48.66131591796875,50.175987243652347,51.71199417114258,53.22664260864258,54.71997833251953,56.234649658203128,57.77065658569336,59.28532791137695,60.8426513671875,62.33598709106445,63.85065841674805,65.36532592773438,66.8586654663086,68.41598510742188,69.95199584960938,71.44532775878906,72.95997619628906,74.47464752197266,76.01065826416016,77.52532958984375,79.01866149902344,80.53330993652344,82.06932067871094,83.62664031982422,85.11997985839844,86.6559829711914]}