{"Title":"シャイニングスター","BPM":158,"timing":[3.498662233352661,4.650657653808594,4.842653274536133,5.994648456573486,6.357324123382568,6.933310508728027,7.893310546875,10.730657577514649,13.013310432434082,14.719977378845215,15.10399055480957,15.87199592590332,17.002653121948243,18.517324447631837,21.183990478515626,22.6346492767334,23.658662796020509,25.727981567382814,26.6879825592041,31.061315536499025,33.89866256713867,35.28532791137695,35.34931945800781,36.54399108886719,37.31199645996094,38.05866241455078,39.01866149902344,39.402652740478519,45.86664581298828,46.634647369384769,48.7253303527832,49.45065689086914,50.21866226196289,51.562652587890628,52.69330978393555,55.55199432373047,56.21331024169922,57.04533004760742,57.621315002441409,58.02664566040039,58.773311614990237,58.85866165161133,60.479976654052737,60.8426513671875,61.61065673828125,61.99464797973633,63.125328063964847,63.893310546875,64.78932189941406,66.36798095703125,66.75199890136719,67.88265228271485,68.6506576538086,69.78131866455078,70.93331146240235,71.7013168334961,71.8079833984375,71.8293228149414,72.0639877319336,72.44798278808594,72.74664306640625,72.76798248291016,72.87464904785156,72.91732788085938,72.93865966796875,73.343994140625,73.4506607055664,73.47199249267578,73.5146484375,73.57865905761719,73.98399353027344,74.02664184570313,74.04798126220703,74.06932067871094,74.11199188232422,74.34664154052735,74.41065979003906,74.79464721679688,74.81598663330078,74.8586654663086,74.87997436523438,74.98664093017578,76.99199676513672]}