{"Title":"シャイニングスター","BPM":158,"timing":[3.3493196964263918,3.498662233352661,8.874648094177246,10.858662605285645,12.778661727905274,13.077323913574219,13.375986099243164,14.314648628234864,14.485328674316407,16.66131591796875,16.767982482910158,17.898662567138673,18.87997817993164,19.19997787475586,23.189319610595704,23.957324981689454,25.301315307617189,26.53866195678711,28.35199546813965,29.695985794067384,30.421314239501954,30.7199764251709,30.78399085998535,34.58131408691406,35.34931945800781,36.415985107421878,37.82398986816406,38.33598709106445,39.35997772216797,39.637325286865237,40.319976806640628,40.7893180847168,41.72798156738281,41.855987548828128,43.73331069946289,47.35997772216797,48.29866027832031,49.4293212890625,51.34931945800781,51.498661041259769,56.938663482666019,57.023990631103519,61.86664581298828,64.78932189941406,65.38664245605469,65.85598754882813,66.32532501220703,70.31465148925781,71.65866088867188,71.8293228149414,72.02131652832031,72.89598846435547,74.38932037353516,74.66664123535156,74.87997436523438,74.96533203125,75.43464660644531,76.20265197753906,76.47998046875,76.5866470336914,77.35464477539063,77.61065673828125,77.78131866455078,78.54931640625,82.47464752197266]}